{
    "urlProduk":"",
    "Payment":"",
    "Mode":0,
    "Maxharga":0,
    "Modebot":0,
    "kurir":"",
    "variasi":"",
    "jam":0,
    "menit":0,
    "detik":0,
    "mill":0,
    "timestamp":0,
    "millstamp":0,
    "csrf":"",
    "cookie":"",
    "Email":"",
    "Username":"",
    "Phone":"",
    "Quantities": 1,
    "DisPer":0,
    "Kode":"",
    "grts": false,
    "claim": false,
    "coin": false,
    "tigapuluhk": false,
    "min_spen":0,
    "promoid":0,
    "potongan":0
}